186A0;Mustafa;Ibrić;2;2001199012065;1990/01/20;0;Google;Vrtlar;2;2;1;390964;3441580170738;3441580170738;ibrićmust@sajo.sr;2;-;0;-;3988DA42;321B8B5E;2;2;4;1992/03/20
186A1;Ibrahim;Hasančević;4;0408201112065;2011/08/04;0;ZR Kako Tako;Muzičar;4;4;0;305990806;-;-;hasanibra@sajo.sr;2;F;0;-;33A037C;395BA5CF;2;1;2;2014/05/30
186A2;Džan;Ciprić;4;0902199612065;1996/02/09;2;1. Gimnazija;-;4;5;0;604035;647288526;647288526;cipridžan@sajo.sr;1;-;1;2013/08/31;2EE86816;CBD828;1;0;2;2013/11/06
186A3;Ajdin;Delemović;2;2711200212065;2002/11/27;4;-;-;3;0;1;832373;3770474949011;3770474949011;delemajdi@sajo.sr;0;M;1;2016/04/03;38B0E730;101BEE22;1;0;1;2013/07/02
186A4;Leon;Hasančević;4;1103201012065;2010/03/11;4;-;-;2;5;1;3759288848082;-;-;hasanleon@hotmail.com;1;F;0;-;338A98C1;27695B54;2;0;1;2010/04/11
186A5;Adnan;Čavić;1;1501201012065;2010/01/15;3;-;-;0;1;2;837532;5264794947747;5264794947747;čavićadna@sajo.sr;2;M;0;-;1FAE09FC;4CFBB66;1;0;1;2014/04/30
186A6;Amil;Lalić;3;1711199512065;1995/11/17;4;-;-;2;2;3;-;1442284186048;1442284186048;lalićamil@microsoft.com;1;-;0;-;21D88026;22AE48C4;0;2;4;2003/02/03
186A7;Abdulah;Demirović;2;3008199912065;1999/08/30;3;-;-;3;5;3;6513942365188;902256;902256;demirabdu@sajo.sr;0;F;0;-;29F7BFE2;A9BD9D;2;0;1;2009/05/03
186A8;Josip;Marić;4;0703200912065;2009/03/07;0;Elektroprivreda;Trgovac;0;4;1;832470842;832470842;832470842;marićjosi@bih.net.ba;1;F;1;2015/04/26;2409EB97;242E81AD;0;0;3;2015/07/27
186A9;Nedim;Aličić;2;0306201312065;2013/06/03;4;-;-;4;5;2;-;150609;150609;aličinedi@net.hr;2;-;1;2013/12/30;C1A266F;10B7018A;1;0;2;2016/08/29
186AA;Ilhan;Jakupović;2;1306200712065;2007/06/13;0;ZR Kako Tako;Vrtlar;1;3;1;7030615878189;475291212;475291212;jakupilha@microsoft.com;0;F;1;2016/06/17;61B3E86;32071D23;2;2;2;2009/08/02
186AB;Faruk;Kalezić;1;2411199112065;1991/11/24;3;-;-;3;2;1;330258741;3776029175370;3776029175370;kalezfaru@bih.net.ba;0;M;1;2015/01/13;23BD2F8B;20B3FEA5;0;2;1;2015/09/27
186AC;Edin;Aličić;0;1610199412065;1994/10/16;0;Microsoft;Vrtlar;5;3;3;6921412576361;997297310;997297310;aličiedin@microsoft.com;0;M;1;2014/04/11;25D9D2AA;D0F881;0;2;1;1995/11/02
186AD;Dino;Fehrić;1;2106201212065;2012/06/21;0;Elektroprivreda;Medicinski radnik;4;5;1;852879429;7548137050037;7548137050037;fehridino@outlook.com;0;F;1;2016/02/19;47E51FF;23587F29;1;0;1;2012/08/03
186AE;Enis;Božić;4;2004200312065;2003/04/20;4;-;-;5;2;0;632237;-;-;božićenis@gmail.com;2;F;0;-;32C5660B;7772C7A;1;1;1;2016/05/13
186AF;Adnan;Alispahić;4;0201199212065;1992/01/02;0;Microsoft;Medicinski radnik;5;5;2;187017471;187017471;187017471;alispadna@sajo.sr;2;-;0;-;3511A8F4;10695CF1;2;2;1;2010/12/12
186B0;Ensar;Milašinović;5;0103201212065;2012/03/01;4;-;-;5;5;3;-;417716923;417716923;milašensa@bih.net.ba;1;F;0;-;3716C565;1D011D72;0;0;3;2014/02/12
186B1;Imran;Čengić;4;0208200712065;2007/08/02;1;-;-;2;4;3;3939444381290;285439094;285439094;čengiimra@gmail.com;2;F;1;2013/06/01;9AC16B6;29640B45;1;0;4;2016/11/06
186B2;Mahir;Moco;1;1305199912065;1999/05/13;0;Google;Trgovac;1;1;0;693565;-;-;mocomahi@microsoft.com;2;M;1;2014/02/11;11AD3E10;29A29D15;0;1;3;2005/04/02
186B3;Omar;Bekrić;4;1604199112065;1991/04/16;1;-;-;0;3;2;839825876;-;-;bekriomar@net.hr;2;F;0;-;25D6522D;310DB007;0;0;0;1998/11/26
186B4;Aldin;Mujić;4;1810199312065;1993/10/18;0;Microsoft;Vozač;5;1;1;7565078273437;549362;549362;mujićaldi@bih.net.ba;1;-;1;2012/10/25;10E66BBE;247C92F6;2;0;4;2003/11/23
186B5;Danis;Avdić;2;2909201512065;2015/09/29;0;Elektroprivreda;Učitelj;0;2;2;479696129;-;-;avdićdani@outlook.com;0;F;0;-;16FADF1;2CEC25EC;0;2;0;2017/01/07
186B6;Ivan;Kundrač;3;2206201212065;2012/06/22;3;-;-;0;5;3;-;3514828945419;3514828945419;kundrivan@gmail.com;1;F;0;-;20DFB255;31D7D317;2;0;4;2012/09/17
186B7;Bilal;Gvozden;3;2410199612065;1996/10/24;4;-;-;4;1;2;-;575671140;575671140;gvozdbila@microsoft.com;1;-;1;2016/04/28;322EF82E;1E3AF30F;1;0;4;2001/01/10
186B8;Imad;Božić;3;0405201112065;2011/05/04;1;-;-;5;3;1;2462321369817;123201;123201;božićimad@bih.net.ba;2;-;0;-;229A4C99;2083F426;2;1;2;2013/08/03
186B9;Faris;Đaković;1;1102200912065;2009/02/11;0;Saso Mange Inc.;Gazda;0;0;1;990398999;-;-;đakovfari@hotmail.com;0;M;1;2014/10/06;11CB8DD;7FF7915;0;1;0;2014/06/29
186BA;Bakir;Hodžić;2;1004200412065;2004/04/10;2;Srednjoškolski centar "Nagari Hari";-;5;1;0;3552085107261;235980;235980;hodžibaki@sajo.sr;0;M;1;2016/12/12;7056615;158A78BE;2;1;3;2005/06/28
186BB;Amin;Delemović;3;0312200012065;2000/12/03;1;-;-;4;4;1;-;805173616;805173616;delemamin@gmail.com;1;-;0;-;251574F2;39E1170C;0;0;0;2012/06/20
186BC;Ahmed;Begović;0;2104200412065;2004/04/21;3;-;-;3;0;1;406051;295354098;295354098;begovahme@microsoft.com;2;F;1;2012/06/10;24A9196E;AA94F2;0;2;3;2008/09/08
186BD;Eldin;Bašić;3;0405200012065;2000/05/04;4;-;-;2;5;2;2112559143090;340852;340852;bašićeldi@sajo.sr;2;-;0;-;8BFF576;36ACA8A3;1;2;3;2001/06/28
186BE;Ilhan;Hodžić;3;1311200212065;2002/11/13;1;-;-;4;4;3;1525327525239;-;-;hodžiilha@hotmail.com;0;F;1;2013/03/09;39C0ECE3;30018828;2;1;4;2014/08/29
186BF;Danin;Čavić;2;0205199012065;1990/05/02;3;-;-;2;1;2;239989;812076172;812076172;čavićdani@outlook.com;2;F;0;-;170CEBC4;1ED2302E;2;1;4;2010/06/04
186C0;Adi;Hasančević;4;0712200612065;2006/12/07;1;-;-;0;4;3;-;594764661;594764661;hasanadi@outlook.com;1;-;1;2014/10/18;1621A6E9;32D5BD59;0;0;3;2007/07/13
186C1;Mak;Đukić;4;2106200312065;2003/06/21;2;Muzička škola "Petar Pan";-;1;5;2;7848662040893;-;-;đukićmak@hotmail.com;1;F;1;2016/04/28;E905686;12812332;0;0;4;2004/11/03
186C2;Antonio;Alić;4;0903199512065;1995/03/09;1;-;-;5;5;2;777456;-;-;alićanto@hotmail.com;0;F;0;-;2CA711;36F5BAE2;0;0;3;2016/03/23
186C3;Benjamin;Babović;5;0501200212065;2002/01/05;3;-;-;4;4;1;191179;895809541;895809541;babovbenj@hotmail.com;1;F;1;2012/05/06;77D7CD2;25AD8936;1;2;3;2008/12/02
186C4;Amer;Durmić;4;1606199812065;1998/06/16;0;Google;Gazda;4;0;1;6366844292411;6366844292411;6366844292411;durmiamer@hotmail.com;1;F;1;2012/11/26;13ECD343;397A1718;0;1;2;2011/04/04
186C5;Džan;Đurić;1;1107200412065;2004/07/11;2;Muzička škola "Petar Pan";-;5;0;0;-;691295;691295;đurićdžan@hotmail.com;1;-;0;-;313963AA;20F82FFC;2;2;0;2013/10/18
186C6;Adis;Aličić;2;2312201512065;2015/12/23;2;1. Gimnazija;-;1;1;1;5400545558041;5400545558041;5400545558041;aličiadis@sajo.sr;0;F;0;-;97519F4;EAE41D4;0;2;3;2016/08/12
186C7;Daris;Ademović;2;2104199912065;1999/04/21;0;Google;Trgovac;3;4;2;684486318;665424;665424;ademodari@hotmail.com;2;-;1;2012/10/02;4C6F1ED;1D054630;2;0;4;2014/07/12
186C8;Ante;Delalić;5;0112199912065;1999/12/01;2;MSŠ "Musa Kesedžija";-;0;2;2;3637356411680;811897946;811897946;delalante@microsoft.com;0;M;1;2014/10/17;13CF0C9;23C22700;0;1;2;2016/03/19
186C9;Amil;Delemović;3;2312199412065;1994/12/23;3;-;-;2;1;2;-;6815128450114;6815128450114;delemamil@microsoft.com;0;M;0;-;2912088A;1C489675;0;1;2;2002/04/03
186CA;Džan;Jovanović;5;1511201412065;2014/11/15;3;-;-;4;1;3;935121660;617337;617337;jovandžan@bih.net.ba;2;F;0;-;4E6419A;185C53AA;0;0;0;2015/06/08
186CB;Ali;Hasić;3;1408200712065;2007/08/14;4;-;-;2;4;3;4064705361370;4064705361370;4064705361370;hasićali@gmail.com;2;-;0;-;1987D531;383098DD;2;1;2;2015/07/02
186CC;Ivan;Giljen;1;1609199512065;1995/09/16;2;MSŠ "Musa Kesedžija";-;3;1;2;-;181192942;181192942;giljeivan@net.hr;1;-;1;2015/09/13;9A2AA78;28FCBA59;1;1;2;2006/07/19
186CD;Ismar;Hodžić;3;2310200212065;2002/10/23;3;-;-;3;4;0;284583431;284583431;284583431;hodžiisma@outlook.com;0;-;1;2013/04/15;27E3A1AA;16D459E4;0;2;4;2009/12/31
186CE;Ervin;Knežević;5;0907199112065;1991/07/09;2;1. Gimnazija;-;0;1;0;738301;738301;738301;knežeervi@hotmail.com;2;F;1;2016/12/05;B35AB48;37C3F5D4;2;1;2;2012/05/03
186CF;Tarik;Bašić;0;1003199612065;1996/03/10;2;1. Gimnazija;-;3;4;1;799422;799422;799422;bašićtari@sajo.sr;2;-;0;-;30B34518;1602CD6D;2;0;0;2007/09/05
186D0;Azur;Bašić;1;2210199612065;1996/10/22;2;1. Gimnazija;-;3;4;3;932685;386816685;386816685;bašićazur@net.hr;2;-;1;2012/01/26;290FC7CB;9FEB198;2;0;3;2002/01/03
186D1;Marko;Fakić;3;1003201012065;2010/03/10;2;Srednjoškolski centar "Nagari Hari";-;2;0;3;898114546;861102;861102;fakićmark@outlook.com;0;M;0;-;EA1BF17;2E550607;0;1;0;2012/02/16
186D2;Anis;Brkan;4;2802199112065;1991/02/28;4;-;-;0;2;1;430189092;1537751649715;1537751649715;brkananis@microsoft.com;0;M;0;-;31002F36;29BA4A91;0;2;0;1997/10/26
186D3;Ernad;Giljen;0;1501199112065;1991/01/15;4;-;-;5;5;2;201968957;471311;471311;giljeerna@outlook.com;2;F;1;2016/12/08;12FAB960;2D820AD8;2;2;0;2010/09/09
186D4;Ismail;Babović;4;1107199012065;1990/07/11;4;-;-;3;5;2;647127;647127;647127;babovisma@net.hr;2;M;1;2013/04/07;137BE5A1;5A73A8F;0;2;3;2001/01/12
186D5;Muhamed;Čavić;3;2508200212065;2002/08/25;4;-;-;1;0;1;4737832440772;4737832440772;4737832440772;čavićmuha@bih.net.ba;0;M;0;-;C95CE04;5984435;1;0;4;2009/09/10
186D6;Ensar;Lozar;2;0607200012065;2000/07/06;2;Muzička škola "Petar Pan";-;1;3;3;447092577;-;-;lozarensa@microsoft.com;2;-;0;-;2F932ABF;1DA271B4;0;1;1;2002/08/11
186D7;Luka;Miladin;5;1505200512065;2005/05/15;3;-;-;1;5;2;-;7599908467391;7599908467391;miladluka@outlook.com;0;M;0;-;327452C2;C77A663;1;1;1;2011/05/23
186D8;Admir;Halilović;5;2504201012065;2010/04/25;1;-;-;4;0;1;-;135754354;135754354;haliladmi@gmail.com;2;-;0;-;C3B959D;39E2FA4;1;1;2;2015/06/04
186D9;Bakir;Hajrović;4;0908201212065;2012/08/09;1;-;-;1;0;2;110508;932467548;932467548;hajrobaki@hotmail.com;2;-;0;-;2653B6C6;2BACECAF;1;0;2;2015/12/15
186DA;Dino;Marić;0;0410200412065;2004/10/04;2;Srednjoškolski centar "Nagari Hari";-;2;2;0;8367318929253;8367318929253;8367318929253;marićdino@microsoft.com;2;M;0;-;697AFAA;593A59F;2;1;0;2014/05/26
186DB;Ibrahim;Marković;2;3005199112065;1991/05/30;4;-;-;3;2;2;358631500;358631500;358631500;markoibra@gmail.com;2;F;0;-;11BCBCD9;B2EE2C3;1;1;1;1994/02/09
186DC;Amil;Babović;5;0410200912065;2009/10/04;1;-;-;3;3;0;-;113998454;113998454;babovamil@outlook.com;1;-;0;-;29E1D0DA;2BFAF77B;0;0;1;2014/12/19
186DD;Dino;Bašić;4;0504200112065;2001/04/05;0;DJL Kuverat;Vrtlar;5;2;3;321252633;603874;603874;bašićdino@hotmail.com;2;-;0;-;6FA574F;28F07EB;2;0;3;2012/11/14
186DE;Hasan;Mujkić;4;1610200912065;2009/10/16;2;MSŠ "Musa Kesedžija";-;1;2;2;653571972;653571972;653571972;mujkihasa@outlook.com;0;-;1;2013/11/12;13C5EDCE;2DFD9F1B;0;1;4;2015/02/07
186DF;Mahir;Hasić;0;1911199912065;1999/11/19;3;-;-;5;3;2;-;-;-;hasićmahi@bih.net.ba;0;F;1;2014/03/06;363369D0;EBF6608;0;0;2;2012/04/06
186E0;Ensar;Ćeha;4;0311200412065;2004/11/03;2;Srednjoškolski centar "Nagari Hari";-;4;2;1;403188109;5729412281681;5729412281681;ćehaensa@outlook.com;2;F;1;2014/12/26;316725AB;14E6EC39;0;1;2;2009/05/03
186E1;Adnan;Kaletić;5;1207199412065;1994/07/12;4;-;-;2;3;0;-;3853223536516;3853223536516;kaletadna@microsoft.com;1;M;1;2015/10/03;380BEE22;9B980BC;2;1;1;2006/01/08
186E2;Adis;Husić;5;0808199912065;1999/08/08;4;-;-;0;5;3;-;3750271087281;3750271087281;husićadis@sajo.sr;2;M;1;2015/08/11;13BEEE1F;2E67A03D;0;0;0;2001/05/25
186E3;Josip;Šuvalić;0;1405199312065;1993/05/14;1;-;-;1;1;1;154463;230807038;230807038;šuvaljosi@hotmail.com;1;-;1;2014/12/07;508943;372434AF;2;2;3;1998/01/30
186E4;Elmin;Marić;0;1610199512065;1995/10/16;3;-;-;3;5;0;399939010;838058;838058;marićelmi@microsoft.com;2;-;0;-;2C810226;40B7843;1;1;2;2015/12/20
186E5;Anes;Komišević;4;0504199312065;1993/04/05;2;Muzička škola "Petar Pan";-;4;0;3;777009;3087079683380;3087079683380;komišanes@hotmail.com;0;-;0;-;22EB67C8;2502F1E2;1;1;3;2015/05/30
186E6;Mak;Delić;4;1412199812065;1998/12/14;1;-;-;2;0;1;4956013181347;-;-;delićmak@bih.net.ba;0;F;1;2013/01/11;1B70A2EC;27F50DA1;2;0;0;2005/03/16
186E7;Damir;Lozar;5;0803199312065;1993/03/08;1;-;-;4;3;3;8476520462262;978925;978925;lozardami@microsoft.com;0;F;0;-;34984C04;38F061B8;1;0;0;2001/06/16
186E8;Amin;Mušinović;2;0307201212065;2012/07/03;4;-;-;4;1;0;-;4623503027497;4623503027497;mušinamin@microsoft.com;2;-;0;-;6026738;1E5933C5;2;1;0;2013/06/08
186E9;Dino;Ciprić;0;1808200212065;2002/08/18;2;MSŠ "Musa Kesedžija";-;1;0;1;-;3107108135388;3107108135388;cipridino@gmail.com;2;-;1;2012/01/29;1EF5D6C7;377EFDAF;0;0;3;2009/07/01
186EA;Ilhan;Hajrović;2;0212200512065;2005/12/02;4;-;-;5;2;2;5285359918705;-;-;hajroilha@outlook.com;0;-;1;2013/07/20;94D7E7F;3110DEAD;0;1;3;2010/02/13
186EB;Matej;Ademović;4;2912199012065;1990/12/29;2;1. Gimnazija;-;5;2;3;690395764;-;-;ademomate@sajo.sr;2;F;0;-;395512DE;B4A37A9;2;1;3;1991/09/08
186EC;Danis;Matijaš;3;2103199612065;1996/03/21;2;1. Gimnazija;-;4;1;0;125746;3415595752914;3415595752914;matijdani@sajo.sr;2;F;0;-;2C5A1829;389EE16B;0;1;3;1997/05/21
186ED;Almir;Kuprić;3;0506199812065;1998/06/05;0;DJL Kuverat;Vozač;3;1;2;632353;632353;632353;kuprialmi@net.hr;1;F;0;-;1B2CBBD1;10B0ECB0;2;2;4;2011/06/09
186EE;Tarik;Đurić;2;2306200512065;2005/06/23;0;Saso Mange Inc.;Učitelj;2;3;1;6125805426087;194149;194149;đurićtari@sajo.sr;2;-;1;2013/06/04;3A38681C;3037F3D7;2;0;3;2014/12/31
186EF;Admir;Đurić;1;0408201012065;2010/08/04;1;-;-;0;1;3;7942661431593;492269626;492269626;đurićadmi@net.hr;1;F;0;-;1AD8AE2A;564CEF9;1;2;1;2011/08/02
186F0;Ammar;Delemović;3;2405199912065;1999/05/24;3;-;-;1;1;0;698570;698570;698570;delemamma@outlook.com;1;F;0;-;4D03397;33889BD3;1;2;0;2015/09/05
186F1;Amin;Šolaja;0;1704199312065;1993/04/17;1;-;-;2;5;0;259658;399912028;399912028;šolajamin@net.hr;2;M;0;-;141F1C5B;21BF27E2;1;2;0;2013/06/04
186F2;Hasan;Holjan;2;0807199212065;1992/07/08;0;Elektroprivreda;Vrtlar;2;1;0;1813826008572;499046;499046;holjahasa@sajo.sr;2;F;1;2017/01/23;1DE9ED3;28D24315;1;1;4;1992/10/26
186F3;Mak;Ibrahimović;3;2605201012065;2010/05/26;3;-;-;2;2;1;-;800425;800425;ibrahmak@gmail.com;1;-;0;-;21B353B;834DE6D;2;1;2;2011/11/23
186F4;Leon;Mehmedović;3;2808199612065;1996/08/28;0;Saso Mange Inc.;Gazda;5;2;3;757257;9216908043923;9216908043923;mehmeleon@microsoft.com;2;M;1;2012/08/19;5D6032D;2B4947D9;1;0;2;2016/01/10
186F5;Nedim;Brstina;3;2907199512065;1995/07/29;2;MSŠ "Musa Kesedžija";-;4;1;0;855061891;906719;906719;brstinedi@hotmail.com;1;F;1;2017/01/06;637E3F1;2D4BD196;2;0;2;1997/04/18
186F6;Dženan;Mušinović;0;2104201212065;2012/04/21;0;Saso Mange Inc.;Klaun;3;4;2;740235;6994364437491;6994364437491;mušindžen@gmail.com;1;M;1;2013/12/17;2CFDA6C1;14A23BBE;2;1;2;2013/04/08
186F7;Danis;Fehrić;0;1006199812065;1998/06/10;2;1. Gimnazija;-;2;5;0;4556092234119;4556092234119;4556092234119;fehridani@outlook.com;1;F;0;-;1BB640E2;2589F122;2;0;3;2003/02/24
186F8;Admir;Kundrač;5;1802200012065;2000/02/18;0;DJL Kuverat;Medicinski radnik;2;3;3;6215951395676;6215951395676;6215951395676;kundradmi@hotmail.com;2;F;1;2013/01/18;1A50AC93;2CAA8785;0;1;4;2000/12/24
186F9;Harun;Imširović;5;2801199812065;1998/01/28;0;Microsoft;Klaun;1;3;0;281730909;281730909;281730909;imširharu@net.hr;2;-;0;-;E1A408E;48DBFAD;0;1;4;2016/05/23
186FA;Azur;Mulalić;2;3004201212065;2012/04/30;3;-;-;1;1;1;3576255609754;688398;688398;mulalazur@net.hr;2;M;0;-;141B92AF;D2CCD86;1;0;2;2013/03/10
186FB;Ivan;Muzurović;2;2511199112065;1991/11/25;0;DJL Kuverat;Medicinski radnik;0;4;3;616712704;616712704;616712704;muzurivan@microsoft.com;2;F;1;2012/08/19;F136897;2C504905;0;2;1;2012/02/08
186FC;Ismar;Šakotić;2;1612199212065;1992/12/16;3;-;-;4;5;0;239176168;103571;103571;šakotisma@outlook.com;0;M;0;-;A87BCA5;D9A3365;1;1;4;2011/10/17
186FD;Asmir;Marković;3;0605200612065;2006/05/06;3;-;-;3;1;3;4966080767506;-;-;markoasmi@sajo.sr;0;M;0;-;4BCF04;23EE1431;2;1;0;2007/09/15
186FE;Emrah;Jovičić;2;2104199412065;1994/04/21;0;Microsoft;Vozač;1;0;3;7002080571903;-;-;jovičemra@microsoft.com;0;M;0;-;2048ADD9;634FF98;2;1;1;2014/02/02
186FF;Petar;Ilić;0;2012199412065;1994/12/20;4;-;-;1;4;1;495759380;7739629579212;7739629579212;ilićpeta@sajo.sr;1;M;0;-;2C7A8BD0;3A38D5D6;0;2;3;2007/08/05
18700;Daris;Ademović;3;0908201512065;2015/08/09;4;-;-;5;2;2;-;345120407;345120407;ademodari@net.hr;1;M;0;-;51539EE;335A0B5E;0;0;1;2015/11/12
18701;Kenan;Brstina;2;0304199812065;1998/04/03;1;-;-;0;0;1;592285;891659254;891659254;brstikena@microsoft.com;1;F;1;2012/04/14;3510714E;25955418;0;1;0;2014/09/05
18702;Adis;Česić;0;1007201012065;2010/07/10;0;Saso Mange Inc.;Gazda;0;1;2;708460;-;-;česićadis@gmail.com;0;M;0;-;2D664FDF;37D36B15;1;2;4;2011/09/04
18703;Rijad;Imamović;4;2207199812065;1998/07/22;1;-;-;3;5;2;-;152532660;152532660;imamorija@outlook.com;1;F;1;2013/09/29;35C9ED56;16D60859;0;1;4;2001/12/13
